74cd69,::1,GET,http://localhost/bolt/public/,1466318583,,302
3d5b2d,::1,GET,http://localhost/bolt/public/bolt/userfirst,1466318585,,302
15c3f7,::1,GET,http://localhost/bolt/public/bolt/userfirst,1466318591,,200
baaccb,::1,GET,http://localhost/bolt/public/,1466319273,,302
4032ac,::1,GET,http://localhost/bolt/public/bolt/userfirst,1466319275,,200
4d9a8f,::1,GET,http://localhost/bolt/public/bolt/userfirst,1466319339,,302
e2df95,::1,GET,http://localhost/bolt/public/bolt/userfirst,1466319341,,200
066ecb,127.0.0.1,GET,http://localhost/bolt/public/async/dashboardnews,1466319493,e0eb48,200
12a3a9,127.0.0.1,GET,http://localhost/bolt/public/async/latestactivity,1466319494,e0eb48,200
e0eb48,::1,GET,http://localhost/bolt/public/bolt,1466319494,,200
6ea0f5,::1,GET,http://localhost/bolt/public/async/latestactivity,1466319526,,200
ccd9cf,::1,GET,http://localhost/bolt/public/async/latestactivity,1466319556,,200
41bae0,127.0.0.1,GET,http://localhost/bolt/public/async/dashboardnews,1466319577,641b60,200
c327ee,127.0.0.1,GET,http://localhost/bolt/public/async/latestactivity,1466319577,641b60,200
641b60,::1,GET,http://localhost/bolt/public/bolt,1466319577,,200
42723b,127.0.0.1,GET,http://localhost/bolt/public/async/lastmodified/blocks,1466319602,167141,200
167141,::1,GET,http://localhost/bolt/public/bolt/overview/blocks,1466319603,,200
467da9,127.0.0.1,GET,http://localhost/bolt/public/async/lastmodified/blocks,1466319602,b29a59,200
b29a59,::1,GET,http://localhost/bolt/public/bolt/overview/blocks,1466319603,,200
3364e9,127.0.0.1,GET,http://localhost/bolt/public/async/lastmodified/pages,1466319608,7e03bb,200
7e03bb,::1,GET,http://localhost/bolt/public/bolt/overview/pages,1466319608,,200
cc4794,::1,GET,http://localhost/bolt/public/,1466319622,,200
0816f6,::1,GET,http://localhost/bolt/public/entry/1,1466319628,,404
86c925,::1,GET,http://localhost/bolt/public/entry/2,1466319628,,404
5ce1d6,::1,GET,http://localhost/bolt/public/pages,1466319635,,200
e40964,::1,GET,http://localhost/bolt/public/,1466319639,,200
e70ee6,::1,GET,http://localhost/bolt/public/,1466319765,,200
0f5df3,::1,GET,http://localhost/bolt/public/theme/base-2016/js/jquery.min.js,1466319767,,404
d1a76e,::1,GET,http://localhost/bolt/public/theme/base-2016/js/foundation.js,1466319767,,404
33f104,::1,GET,http://localhost/bolt/public/theme/base-2016/css/foundation.css,1466319767,,404
9564ef,::1,GET,http://localhost/bolt/public/theme/base-2016/css/theme.css,1466319767,,404
9a6d84,::1,GET,http://localhost/bolt/public/theme/base-2016/js/app.js,1466319767,,404
0d841b,::1,GET,http://localhost/bolt/public/theme/base-2016/images/04.jpg,1466319769,,404
c8686f,::1,GET,http://localhost/bolt/public/theme/base-2016/js/foundation.js,1466319769,,404
21639f,::1,GET,http://localhost/bolt/public/theme/base-2016/js/app.js,1466319770,,404
e2bd95,::1,GET,http://localhost/bolt/public/,1466320206,,200
4ed742,::1,GET,http://localhost/bolt/public/theme/base-2016/images/05.jpg,1466320208,,404
00b69a,::1,GET,http://localhost/bolt/public/theme/base-2016/assets/js/jquery.min.map,1466320210,,404
454651,::1,GET,http://localhost/bolt/public/theme/base-2016/assets/css/bootstrap.min.css.map,1466320210,,404
066f23,::1,GET,http://localhost/bolt/public/,1466320212,,200
dece01,::1,GET,http://localhost/bolt/public/theme/base-2016/assets/css/bootstrap.min.css.map,1466320213,,404
9e5336,::1,GET,http://localhost/bolt/public/theme/base-2016/images/01.jpg,1466320214,,404
a747ab,::1,GET,http://localhost/bolt/public/theme/base-2016/assets/js/jquery.min.map,1466320214,,404
0efe0d,::1,GET,http://localhost/bolt/public/theme/base-2016/assets/css/bootstrap.min.css.map,1466320297,,404
184895,::1,GET,http://localhost/bolt/public/theme/base-2016/assets/js/jquery.min.map,1466320297,,404
3eb693,::1,GET,http://localhost/bolt/public/,1466320298,,200
78e37d,::1,GET,http://localhost/bolt/public/js/clean-blog.min.js,1466320300,,404
3a0831,::1,GET,http://localhost/bolt/public/js/jquery.js,1466320300,,404
e7229d,::1,GET,http://localhost/bolt/public/js/bootstrap.min.js,1466320300,,404
6c5068,::1,GET,http://localhost/bolt/public/theme/base-2016/assets/css/bootstrap.min.css.map,1466320300,,404
2a330e,::1,GET,http://localhost/bolt/public/img/home-bg.jpg,1466320300,,404
f9395e,::1,GET,http://localhost/bolt/public/js/clean-blog.min.js,1466320301,,404
6062f1,::1,GET,http://localhost/bolt/public/theme/base-2016/images/06.jpg,1466320303,,404
8401b2,::1,GET,http://localhost/bolt/public/theme/base-2016/assets/css/bootstrap.min.css.map,1466320303,,404
7feeab,::1,GET,http://localhost/bolt/public/theme/base-2016/assets/js/jquery.min.map,1466320303,,404
2502b3,::1,GET,http://localhost/bolt/public/,1466320410,,200
5f2c5b,::1,GET,http://localhost/bolt/public/js/jquery.js,1466320411,,404
7f4434,::1,GET,http://localhost/bolt/public/js/clean-blog.min.js,1466320411,,404
9f622e,::1,GET,http://localhost/bolt/public/js/bootstrap.min.js,1466320411,,404
c79ba5,::1,GET,http://localhost/bolt/public/img/home-bg.jpg,1466320412,,404
53641f,::1,GET,http://localhost/bolt/public/theme/base-2016/assets/css/bootstrap.min.css.map,1466320412,,404
733e90,::1,GET,http://localhost/bolt/public/js/clean-blog.min.js,1466320413,,404
36a7a7,::1,GET,http://localhost/bolt/public/,1466320463,,200
fd3f6c,::1,GET,http://localhost/bolt/public/img/home-bg.jpg,1466320465,,404
c63f26,::1,GET,http://localhost/bolt/public/theme/base-2016/assets/css/bootstrap.min.css.map,1466320465,,404
652939,::1,GET,http://localhost/bolt/public/theme/base-2016/assets/js/jquery.min.map,1466320465,,404
c17da9,::1,GET,http://localhost/bolt/public/,1466320505,,200
382f74,::1,GET,http://localhost/bolt/public/theme/base-2016/img/home-bg.jpg,1466320508,,404
598e5b,::1,GET,http://localhost/bolt/public/theme/base-2016/assets/css/bootstrap.min.css.map,1466320508,,404
07d33f,::1,GET,http://localhost/bolt/public/theme/base-2016/assets/js/jquery.min.map,1466320508,,404
1dda4b,::1,GET,http://localhost/bolt/public/,1466320514,,200
44e574,::1,GET,http://localhost/bolt/public/theme/base-2016/assets/css/bootstrap.min.css.map,1466320516,,404
780351,::1,GET,http://localhost/bolt/public/theme/base-2016/assets/js/jquery.min.map,1466320516,,404
7ceb54,::1,GET,http://localhost/bolt/public/,1466320559,,200
b43476,::1,GET,http://localhost/bolt/public/,1466320594,,200
6bf764,::1,GET,http://localhost/bolt/public/,1466320602,,200
a923a6,::1,GET,http://localhost/bolt/public/,1466320650,,200
71f866,::1,GET,http://localhost/bolt/public/,1466320688,,200
d41dd6,::1,GET,http://localhost/bolt/public/,1466320721,,200
73d3db,::1,GET,http://localhost/bolt/public/,1466320747,,200
198ea2,::1,GET,http://localhost/bolt/public/,1466320923,,500
0263b7,::1,GET,http://localhost/bolt/public/,1466320931,,500
e71d7f,::1,GET,http://localhost/bolt/public/,1466320953,,500
ebacdc,::1,GET,http://localhost/bolt/public/,1466320973,,200
246c4b,::1,GET,http://localhost/bolt/public/theme/base-2016/assets/js/jquery.min.map,1466320983,,404
2ad5c0,::1,GET,http://localhost/bolt/public/theme/base-2016/assets/css/bootstrap.min.css.map,1466320983,,404
4c717c,::1,GET,http://localhost/bolt/public/,1466320998,,200
067f88,::1,GET,http://localhost/bolt/public/,1466321009,,200
fab57d,::1,GET,http://localhost/bolt/public/,1466321023,,200
fb0b9c,::1,GET,http://localhost/bolt/public/,1466321098,,200
c12cf2,::1,GET,http://localhost/bolt/public/theme/base-2016/assets/css/bootstrap.min.css.map,1466321131,,404
ec9797,::1,GET,http://localhost/bolt/public/theme/base-2016/assets/js/jquery.min.map,1466321131,,404
2ab574,::1,GET,http://localhost/bolt/public/theme/base-2016/assets/js/jquery.min.map,1466321587,,404
5bcea1,::1,GET,http://localhost/bolt/public/theme/base-2016/assets/css/bootstrap.min.css.map,1466321588,,404
b0dda4,::1,GET,http://localhost/bolt/public/,1466321669,,200
4e2707,::1,GET,http://localhost/bolt/public/theme/base-2016/assets/css/bootstrap.min.css.map,1466321671,,404
269d5f,::1,GET,http://localhost/bolt/public/theme/base-2016/assets/js/jquery.min.map,1466321671,,404
1feb14,::1,GET,http://localhost/bolt/public/,1466321873,,200
a9f65f,::1,GET,http://localhost/bolt/public/,1466321900,,200
e9245f,::1,GET,http://localhost/bolt/public/,1466321907,,200
9def9b,127.0.0.1,GET,http://localhost/bolt/public/async/dashboardnews,1466322025,a1f1d8,200
71a982,127.0.0.1,GET,http://localhost/bolt/public/async/latestactivity,1466322025,a1f1d8,200
a1f1d8,::1,GET,http://localhost/bolt/public/bolt,1466322025,,200
c00e5d,127.0.0.1,GET,http://localhost/bolt/public/async/lastmodified/pages,1466322033,4e34ac,200
4e34ac,::1,GET,http://localhost/bolt/public/bolt/overview/pages,1466322033,,200
c1982c,127.0.0.1,GET,http://localhost/bolt/public/async/lastmodified/pages,1466322033,68b9f8,200
68b9f8,::1,GET,http://localhost/bolt/public/bolt/overview/pages,1466322033,,200
513f37,127.0.0.1,GET,http://localhost/bolt/public/async/lastmodified/pages,1466322059,ef10a0,200
081b73,127.0.0.1,GET,http://localhost/bolt/public/async/stack/show?items=10,1466322059,ef10a0,200
ef10a0,::1,GET,http://localhost/bolt/public/bolt/editcontent/pages,1466322059,,200
74102f,::1,GET,http://localhost/bolt/public/async/makeuri?contenttypeslug=pages&fulluri=false&id=&slugfield=slug&title=,1466322064,,200
e1f256,::1,GET,http://localhost/bolt/public/async/makeuri?contenttypeslug=pages&fulluri=false&id=&slugfield=slug&title=M,1466322077,,200
47c651,::1,GET,http://localhost/bolt/public/async/makeuri?contenttypeslug=pages&fulluri=false&id=&slugfield=slug&title=My%20new,1466322078,,200
6a0b23,::1,GET,http://localhost/bolt/public/async/makeuri?contenttypeslug=pages&fulluri=false&id=&slugfield=slug&title=My%20newe,1466322078,,200
9e5b6e,::1,GET,http://localhost/bolt/public/async/makeuri?contenttypeslug=pages&fulluri=false&id=&slugfield=slug&title=My%20new%20w,1466322079,,200
62881c,::1,GET,http://localhost/bolt/public/async/makeuri?contenttypeslug=pages&fulluri=false&id=&slugfield=slug&title=My%20new%20we,1466322079,,200
2e5eb1,::1,GET,http://localhost/bolt/public/async/makeuri?contenttypeslug=pages&fulluri=false&id=&slugfield=slug&title=My%20new,1466322080,,200
2b272e,::1,GET,http://localhost/bolt/public/async/makeuri?contenttypeslug=pages&fulluri=false&id=&slugfield=slug&title=My%20new%20wesite,1466322080,,200
fcee2c,::1,GET,http://localhost/bolt/public/async/makeuri?contenttypeslug=pages&fulluri=false&id=&slugfield=slug&title=My%20new%20wesbsi,1466322081,,200
6d7098,::1,GET,http://localhost/bolt/public/async/makeuri?contenttypeslug=pages&fulluri=false&id=&slugfield=slug&title=My%20new%20web,1466322082,,200
fb5c44,::1,GET,http://localhost/bolt/public/async/makeuri?contenttypeslug=pages&fulluri=false&id=&slugfield=slug&title=My%20new%20website,1466322083,,200
fa72c4,::1,GET,http://localhost/bolt/public/async/makeuri?contenttypeslug=pages&fulluri=false&id=&slugfield=slug&title=My%20new%20website,1466322085,,200
a05f3b,::1,POST,http://localhost/bolt/public/bolt/upload?handler=,1466322092,,200
73e703,::1,GET,http://localhost/bolt/public/async/stack/add/2016-06/4709-fallout-4.jpg,1466322094,,200
c4034e,::1,GET,http://localhost/bolt/public/thumbs/200x150c/2016-06/4709-fallout-4.jpg,1466322095,,200
191714,::1,GET,http://localhost/bolt/public/thumbs/100x100c/2016-06/4709-fallout-4.jpg,1466322096,,200
